y_test,y_proba_positive,y_proba_negative
0.0,0.8488333333333331,0.15116666666666664
1.0,0.8548893557531252,0.14511064424687464
1.0,0.45869392730906816,0.5413060726909318
1.0,0.9993023255813953,0.0006976744186046512
1.0,0.9388888888888889,0.06111111111111111
0.0,0.9922091479490301,0.0077908520509698586
1.0,0.9681526806526807,0.031847319347319346
1.0,0.6760548092422666,0.3239451907577331
1.0,1.0,0.0
1.0,0.34025121888644727,0.6597487811135524
0.0,0.10738387500063601,0.8926161249993645
0.0,0.21700862697150877,0.7829913730284909
0.0,0.2970093795093794,0.7029906204906201
1.0,0.4654315177576048,0.5345684822423953
1.0,0.7220112526362525,0.2779887473637473
1.0,0.6288423274269097,0.3711576725730903
0.0,0.6113960137954555,0.38860398620454456
1.0,1.0,0.0
1.0,0.8747395039600918,0.1252604960399078
0.0,0.5672163570869567,0.4327836429130433
1.0,0.9922091479490301,0.0077908520509698586
0.0,0.8904365977598901,0.10956340224011
0.0,0.7063379957731122,0.2936620042268877
1.0,0.7335028594717895,0.26649714052821055
1.0,1.0,0.0
1.0,0.4808804528804527,0.5191195471195472
1.0,0.31984346332774344,0.6801565366722564
0.0,0.2927094631622398,0.7072905368377604
1.0,0.5795192307692308,0.42048076923076927
0.0,0.894009822942838,0.10599017705716235
0.0,0.29759738056654006,0.7024026194334598
1.0,0.7527352092352092,0.2472647907647908
1.0,0.7860009394201412,0.21399906057985899
1.0,0.6940543803274586,0.30594561967254125
0.0,0.6541082258384888,0.345891774161511
1.0,1.0,0.0
1.0,0.7478959165529949,0.2521040834470052
1.0,0.8001972307067213,0.1998027692932785
0.0,0.13136817829874914,0.8686318217012513
0.0,0.34423474618308364,0.655765253816916
0.0,0.5672163570869567,0.4327836429130433
1.0,0.2341602486297327,0.7658397513702673
0.0,0.2927094631622398,0.7072905368377604
1.0,0.8850490897990895,0.1149509102009102
0.0,0.5696904761904762,0.4303095238095238
1.0,0.9868214285714285,0.013178571428571428
1.0,0.5209902597402596,0.4790097402597403
0.0,0.05018683967236784,0.9498131603276322
0.0,1.0,0.0
1.0,1.0,0.0
0.0,0.0075,0.9925
0.0,0.2341602486297327,0.7658397513702673
1.0,0.6940752025752022,0.3059247974247972
1.0,0.8371428571428572,0.16285714285714284
0.0,0.7819202741702739,0.21807972582972582
0.0,0.2927094631622398,0.7072905368377604
0.0,0.7063379957731122,0.2936620042268877
1.0,1.0,0.0
0.0,0.5591666666666667,0.44083333333333313
1.0,0.23326556776556778,0.7667344322344323
0.0,0.11461881062971895,0.8853811893702805
0.0,0.670036377682432,0.329963622317568
1.0,0.37,0.63
1.0,0.9306933716027467,0.06930662839725296
0.0,0.11461881062971895,0.8853811893702805
1.0,0.9643701070171659,0.035629892982834165
0.0,0.34025121888644727,0.6597487811135524
0.0,0.26856722523998267,0.7314327747600171
0.0,0.1370191098699155,0.8629808901300846
0.0,0.7335028594717895,0.26649714052821055
0.0,0.18960389610389602,0.8103961038961036
1.0,0.6765149265822933,0.32348507341770627
0.0,0.6313726165295058,0.368627383470494
0.0,0.8303824747818729,0.16961752521812684
0.0,0.39785714285714285,0.6021428571428572
1.0,0.670036377682432,0.329963622317568
1.0,0.8440589652166439,0.15594103478335597
1.0,0.8622158542503405,0.1377841457496595
0.0,0.25102394142702383,0.7489760585729758
1.0,0.670036377682432,0.329963622317568
1.0,0.805,0.19499999999999995
0.0,0.9762121212121212,0.02378787878787879
1.0,0.9953789173789174,0.004621082621082621
0.0,0.10738387500063601,0.8926161249993645
1.0,0.7556101275124479,0.24438987248755178
1.0,0.0,1.0
1.0,0.6760548092422666,0.3239451907577331
1.0,0.37555335605569573,0.6244466439443044
1.0,0.6765149265822933,0.32348507341770627
1.0,0.9175,0.0825
0.0,0.1326633312597573,0.8673366687402422
1.0,0.9183116883116882,0.08168831168831168
0.0,0.6765149265822933,0.32348507341770627
0.0,0.243864282933193,0.7561357170668065
0.0,0.21700862697150877,0.7829913730284909
1.0,0.894009822942838,0.10599017705716235
0.0,0.2341602486297327,0.7658397513702673
1.0,0.670036377682432,0.329963622317568
1.0,0.92,0.08
1.0,0.9073290368646524,0.09267096313534763
1.0,0.988623654252724,0.01137634574727598
0.0,0.019566563899567364,0.9804334361004328
0.0,0.2970093795093794,0.7029906204906201
1.0,1.0,0.0
1.0,0.7860009394201412,0.21399906057985899
0.0,0.49647619047619046,0.5035238095238095
0.0,0.7498765043381845,0.25012349566181574
1.0,0.31984346332774344,0.6801565366722564
1.0,0.5392980113281971,0.46070198867180295
0.0,0.7860009394201412,0.21399906057985899
1.0,0.5672163570869567,0.4327836429130433
0.0,0.6653120613047083,0.33468793869529156
1.0,0.11347619047619048,0.8865238095238095
1.0,0.9270391715267873,0.07296082847321235
1.0,0.7860009394201412,0.21399906057985899
1.0,0.9634357065942237,0.036564293405776105
0.0,0.09289986854166454,0.9071001314583352
0.0,0.6760548092422666,0.3239451907577331
1.0,0.13549999999999998,0.8644999999999999
0.0,0.028664069253158352,0.9713359307468417
1.0,0.22821066433566434,0.7717893356643357
0.0,0.89,0.11
0.0,0.26856722523998267,0.7314327747600171
0.0,0.05,0.95
0.0,0.8392418013273273,0.16075819867267233
1.0,0.99,0.01
1.0,0.8360370537500569,0.1639629462499431
0.0,0.5256672893057301,0.4743327106942698
0.0,0.11461881062971895,0.8853811893702805
0.0,0.31984346332774344,0.6801565366722564
1.0,0.8882452384217088,0.111754761578291
0.0,0.7193797520811251,0.28062024791887497
0.0,0.554059511626414,0.44594048837358613
1.0,0.894009822942838,0.10599017705716235
0.0,0.028664069253158352,0.9713359307468417
0.0,0.10738387500063601,0.8926161249993645
1.0,0.894009822942838,0.10599017705716235
0.0,0.2880557911711835,0.7119442088288163
0.0,0.6940752025752022,0.3059247974247972
0.0,0.243864282933193,0.7561357170668065
0.0,0.019566563899567364,0.9804334361004328
1.0,0.9890909090909092,0.010909090909090908
1.0,0.6906991341991341,0.3093008658008658
0.0,0.6424466328557382,0.35755336714426195
0.0,0.670036377682432,0.329963622317568
1.0,0.9981818181818182,0.0018181818181818182
0.0,0.11534865951042417,0.8846513404895758
0.0,0.7047314057201827,0.2952685942798172
0.0,0.0,1.0
0.0,0.41875795738489235,0.5812420426151075
1.0,0.5793119935619934,0.4206880064380066
0.0,0.243864282933193,0.7561357170668065
1.0,0.56,0.44
0.0,0.11461881062971895,0.8853811893702805
1.0,0.5797948717948718,0.42020512820512823
0.0,0.7478959165529949,0.2521040834470052
0.0,0.1370191098699155,0.8629808901300846
0.0,0.0,1.0
0.0,0.4002189754689756,0.5997810245310244
1.0,0.7498765043381845,0.25012349566181574
0.0,0.0225,0.9775
1.0,0.5672163570869567,0.4327836429130433
0.0,0.5035465367965368,0.4964534632034632
0.0,0.0225,0.9775
1.0,0.7899598810305041,0.21004011896949554
1.0,1.0,0.0
1.0,0.8001972307067213,0.1998027692932785
1.0,0.10738387500063601,0.8926161249993645
0.0,0.13136817829874914,0.8686318217012513
1.0,0.8548893557531252,0.14511064424687464
1.0,0.08799096405902881,0.9120090359409709
0.0,0.20386002858212582,0.7961399714178742
1.0,0.9138508046391167,0.08614919536088265
0.0,0.4407688123709795,0.5592311876290205
0.0,0.33612301587301585,0.6638769841269841
1.0,0.5768119935619934,0.4231880064380066
1.0,0.10509881784881785,0.8949011821511822
0.0,0.7556101275124479,0.24438987248755178
1.0,0.8121785714285713,0.18782142857142858
1.0,0.6394383949383949,0.36056160506160495
0.0,0.36001803751803757,0.6399819624819625
1.0,0.48556988990541633,0.5144301100945838
1.0,0.7220112526362525,0.2779887473637473
0.0,1.0,0.0
1.0,0.40084225695073383,0.5991577430492661
1.0,1.0,0.0
1.0,0.7920627705627704,0.20793722943722937
1.0,0.5672163570869567,0.4327836429130433
1.0,0.894009822942838,0.10599017705716235
1.0,0.24915906332483728,0.7508409366751626
0.0,0.558685037185037,0.44131496281496285
1.0,1.0,0.0
0.0,0.5164487107095802,0.48355128929041974
0.0,0.4129041514041515,0.5870958485958486
1.0,0.7616666666666668,0.23833333333333337
0.0,0.7335028594717895,0.26649714052821055
1.0,0.9436309523809525,0.05636904761904761
1.0,0.8548893557531252,0.14511064424687464
1.0,1.0,0.0
1.0,0.7175867465867463,0.28241325341325324
0.0,0.0,1.0
1.0,0.7819202741702739,0.21807972582972582
0.0,0.0,1.0
1.0,0.3366217671217671,0.6633782328782329
0.0,0.04889682539682539,0.9511031746031745
1.0,0.6113172192900743,0.388682780709926
1.0,0.6336730408934863,0.3663269591065134
0.0,0.1370191098699155,0.8629808901300846
1.0,0.7371746031746029,0.2628253968253967
0.0,0.31984346332774344,0.6801565366722564
0.0,0.013999999999999999,0.986
1.0,0.34423474618308364,0.655765253816916
0.0,0.08409422687102946,0.9159057731289704
0.0,0.045725287250666435,0.9542747127493334
0.0,0.7361842297396645,0.2638157702603354
0.0,0.10738387500063601,0.8926161249993645
0.0,0.059437236852054404,0.9405627631479453
0.0,0.8408333333333333,0.15916666666666665
1.0,0.8303824747818729,0.16961752521812684
0.0,0.7361842297396645,0.2638157702603354
0.0,0.7016153567999882,0.29838464320001207
1.0,0.9975,0.0025
0.0,0.3292857142857143,0.6707142857142857
1.0,0.45,0.55
0.0,0.3285793650793651,0.6714206349206349
1.0,0.045853535353535355,0.9541464646464647
0.0,0.29759738056654006,0.7024026194334598
1.0,0.2880557911711835,0.7119442088288163
0.0,0.8001972307067213,0.1998027692932785
1.0,1.0,0.0
0.0,0.5046817609634947,0.49531823903650524
0.0,0.228797619047619,0.7712023809523808
0.0,0.10738387500063601,0.8926161249993645
0.0,0.5042019888615594,0.49579801113844063
0.0,0.55,0.45
1.0,1.0,0.0
1.0,0.30470304515231605,0.6952969548476838
0.0,0.8622158542503405,0.1377841457496595
0.0,1.0,0.0
0.0,0.9781818181818183,0.021818181818181816
1.0,0.9754318181818182,0.02456818181818182
0.0,0.31984346332774344,0.6801565366722564
1.0,0.894009822942838,0.10599017705716235
0.0,0.7860009394201412,0.21399906057985899
0.0,0.28407894469798106,0.7159210553020189
0.0,0.5672163570869567,0.4327836429130433
0.0,0.08799096405902881,0.9120090359409709
0.0,0.7394601232101229,0.2605398767898767
0.0,0.3768987824677395,0.6231012175322607
0.0,0.5672163570869567,0.4327836429130433
0.0,0.10679314222974928,0.8932068577702507
1.0,0.9523333333333334,0.04766666666666666
1.0,0.7179533709896094,0.2820466290103905
1.0,0.7556101275124479,0.24438987248755178
1.0,0.9109254385964912,0.08907456140350878
1.0,0.894009822942838,0.10599017705716235
1.0,0.8301904761904761,0.1698095238095238
1.0,0.554059511626414,0.44594048837358613
1.0,0.8012276089923147,0.19877239100768512
1.0,0.4002189754689756,0.5997810245310244
0.0,0.7860009394201412,0.21399906057985899
0.0,0.2970093795093794,0.7029906204906201
1.0,0.3856666666666666,0.6143333333333334
1.0,0.18,0.82
1.0,0.2341602486297327,0.7658397513702673
0.0,0.1370191098699155,0.8629808901300846
1.0,0.9919678932178931,0.008032106782106781
1.0,0.6760548092422666,0.3239451907577331
1.0,0.41875795738489235,0.5812420426151075
1.0,0.8241666666666666,0.17583333333333337
0.0,0.10738387500063601,0.8926161249993645
0.0,0.5340937499999999,0.46590625
0.0,0.8695,0.1305
0.0,0.13136817829874914,0.8686318217012513
1.0,0.6760548092422666,0.3239451907577331
0.0,0.7090113684962022,0.2909886315037981
1.0,1.0,0.0
0.0,0.6940543803274586,0.30594561967254125
0.0,0.31984346332774344,0.6801565366722564
0.0,0.7478959165529949,0.2521040834470052
0.0,0.1011908521303258,0.8988091478696739
0.0,0.1338740796280639,0.866125920371935
0.0,0.11461881062971895,0.8853811893702805
0.0,0.26899999999999996,0.731
0.0,0.3495260613357334,0.6504739386642667
1.0,0.42,0.58
1.0,0.8392418013273273,0.16075819867267233
0.0,1.0,0.0
1.0,0.96,0.04
1.0,0.5479642857142857,0.4520357142857143
1.0,0.9762684358125536,0.023731564187446545
1.0,0.7175867465867463,0.28241325341325324
0.0,0.7290584415584411,0.27094155844155837
1.0,0.7860009394201412,0.21399906057985899
0.0,0.13136817829874914,0.8686318217012513
1.0,0.21020704832138634,0.7897929516786136
0.0,0.243864282933193,0.7561357170668065
0.0,0.0472457444516268,0.9527542555483731
0.0,0.8255057399835383,0.17449426001646148
0.0,0.5977075171205607,0.4022924828794394
0.0,0.670036377682432,0.329963622317568
0.0,0.0,1.0
0.0,0.2880557911711835,0.7119442088288163
1.0,0.26582125157008724,0.7341787484299127
0.0,0.7437582417582418,0.2562417582417582
0.0,0.23783442621694825,0.7621655737830517
0.0,0.08201648351648352,0.9179835164835164
1.0,0.7335028594717895,0.26649714052821055
0.0,0.028664069253158352,0.9713359307468417
1.0,0.670036377682432,0.329963622317568
0.0,0.2341602486297327,0.7658397513702673
1.0,0.3495260613357334,0.6504739386642667
1.0,0.9866666666666667,0.013333333333333332
0.0,0.42097907647907645,0.5790209235209235
0.0,0.5283095238095239,0.4716904761904761
0.0,0.09289986854166454,0.9071001314583352
0.0,0.1326633312597573,0.8673366687402422
0.0,0.2650651004482274,0.7349348995517725
1.0,0.48750036075036063,0.5124996392496394
0.0,0.670036377682432,0.329963622317568
0.0,1.0,0.0
1.0,0.2783320845820846,0.7216679154179154
1.0,0.99,0.01
0.0,0.000980392156862745,0.9990196078431373
0.0,0.8255057399835383,0.17449426001646148
0.0,0.013685883655787896,0.9863141163442122
0.0,0.0,1.0
1.0,0.13951532245422554,0.8604846775457742
1.0,0.6699725326550977,0.33002746734490224
1.0,0.6816666666666668,0.3183333333333333
1.0,1.0,0.0
1.0,0.6815428320270986,0.3184571679729007
1.0,1.0,0.0
1.0,0.894009822942838,0.10599017705716235
1.0,0.98,0.02
1.0,0.7860009394201412,0.21399906057985899
0.0,0.13136817829874914,0.8686318217012513
0.0,0.8667539682539682,0.13324603174603175
0.0,0.028664069253158352,0.9713359307468417
1.0,0.5909527417027417,0.40904725829725824
0.0,0.14371976302668563,0.856280236973314
1.0,0.8401190476190475,0.15988095238095237
1.0,0.554059511626414,0.44594048837358613
1.0,0.7860009394201412,0.21399906057985899
0.0,0.22821066433566434,0.7717893356643357
1.0,0.7335028594717895,0.26649714052821055
1.0,0.9832379688034553,0.01676203119654459
1.0,0.9678322259136213,0.03216777408637874
1.0,0.4639047619047619,0.5360952380952382
1.0,0.34025121888644727,0.6597487811135524
0.0,0.10738387500063601,0.8926161249993645
0.0,0.1686337123918393,0.8313662876081607
1.0,0.9368790322580645,0.06312096774193549
0.0,0.789379178988024,0.21062082101197607
1.0,0.5418935286935285,0.45810647130647153
1.0,0.4737073759573761,0.5262926240426239
1.0,0.5768119935619934,0.4231880064380066
0.0,0.49077988677988676,0.5092201132201132
1.0,0.27613278388278384,0.7238672161172158
0.0,0.13136817829874914,0.8686318217012513
0.0,0.10738387500063601,0.8926161249993645
1.0,0.7713809523809523,0.2286190476190476
1.0,0.5672163570869567,0.4327836429130433
0.0,0.08409422687102946,0.9159057731289704
1.0,0.8001972307067213,0.1998027692932785
0.0,0.5721194918246001,0.4278805081753998
0.0,0.7175867465867463,0.28241325341325324
0.0,0.4480300956353589,0.5519699043646411
1.0,0.6699725326550977,0.33002746734490224
1.0,0.6314523809523809,0.368547619047619
0.0,0.5128968104503768,0.4871031895496231
1.0,1.0,0.0
0.0,0.2970093795093794,0.7029906204906201
0.0,0.14901573426573425,0.8509842657342652
0.0,0.670036377682432,0.329963622317568
0.0,0.3888928571428572,0.6111071428571428
0.0,0.6288423274269097,0.3711576725730903
0.0,0.20958441558441557,0.7904155844155843
1.0,0.9455,0.054500000000000014
0.0,0.31984346332774344,0.6801565366722564
0.0,0.4395818266700619,0.560418173329938
1.0,1.0,0.0
1.0,0.1893547286047285,0.8106452713952714
1.0,0.9892236542527241,0.010776345747275982
1.0,0.8392418013273273,0.16075819867267233
1.0,0.6113172192900743,0.388682780709926
0.0,1.0,0.0
1.0,0.5721194918246001,0.4278805081753998
1.0,0.8675,0.1325
0.0,0.23107561987973885,0.7689243801202612
0.0,0.11461881062971895,0.8853811893702805
0.0,0.8167709235209234,0.1832290764790765
1.0,0.6113172192900743,0.388682780709926
1.0,0.41901543412582226,0.5809845658741777
1.0,0.670036377682432,0.329963622317568
1.0,0.9785623541941348,0.02143764580586527
1.0,0.98,0.02
1.0,0.95,0.05
1.0,0.894009822942838,0.10599017705716235
1.0,1.0,0.0
0.0,0.34332700155881246,0.6566729984411875
1.0,0.7860009394201412,0.21399906057985899
0.0,0.21020704832138634,0.7897929516786136
0.0,0.11534865951042417,0.8846513404895758
0.0,0.11461881062971895,0.8853811893702805
0.0,0.99,0.01
1.0,0.8440662948162947,0.15593370518370517
0.0,0.11461881062971895,0.8853811893702805
0.0,0.10738387500063601,0.8926161249993645
1.0,0.31033441558441555,0.6896655844155843
1.0,0.894009822942838,0.10599017705716235
0.0,0.22005627705627695,0.7799437229437227
1.0,0.5768119935619934,0.4231880064380066
1.0,0.8733474862439162,0.1266525137560839
1.0,1.0,0.0
1.0,0.8303824747818729,0.16961752521812684
1.0,0.5627498758162842,0.43725012418371567
1.0,1.0,0.0
0.0,0.5947691942032289,0.4052308057967709
1.0,0.6104966422466421,0.3895033577533578
0.0,0.7556101275124479,0.24438987248755178
0.0,0.0,1.0
1.0,0.3907857142857143,0.6092142857142856
1.0,0.3495260613357334,0.6504739386642667
0.0,0.5672163570869567,0.4327836429130433
0.0,1.0,0.0
1.0,0.11461881062971895,0.8853811893702805
1.0,0.681988095238095,0.3180119047619047
0.0,0.11461881062971895,0.8853811893702805
1.0,0.7899598810305041,0.21004011896949554
1.0,0.7335028594717895,0.26649714052821055
1.0,0.670036377682432,0.329963622317568
0.0,0.670036377682432,0.329963622317568
1.0,0.7812073520423235,0.2187926479576769
0.0,0.6424466328557382,0.35755336714426195
1.0,0.5498055555555554,0.4501944444444445
0.0,0.07990417447027688,0.920095825529723
1.0,0.6760548092422666,0.3239451907577331
0.0,0.7478959165529949,0.2521040834470052
0.0,0.6853174586851055,0.31468254131489426
0.0,0.670036377682432,0.329963622317568
1.0,0.9949450549450549,0.0050549450549450545
1.0,0.5141905126924644,0.4858094873075355
1.0,0.7899598810305041,0.21004011896949554
0.0,0.505,0.495
0.0,0.10738387500063601,0.8926161249993645
0.0,0.725,0.275
0.0,0.24029411764705885,0.7597058823529411
0.0,0.24447500087631652,0.7555249991236831
1.0,0.9580705241480385,0.041929475851961516
1.0,0.9922091479490301,0.0077908520509698586
1.0,1.0,0.0
0.0,0.9365490508414724,0.06345094915852754
0.0,0.11534865951042417,0.8846513404895758
1.0,0.9579545415605786,0.04204545843942129
1.0,1.0,0.0
1.0,0.5672163570869567,0.4327836429130433
0.0,0.30470304515231605,0.6952969548476838
1.0,0.670036377682432,0.329963622317568
1.0,1.0,0.0
0.0,0.4394116713609747,0.5605883286390254
0.0,0.4988762626262625,0.5011237373737375
0.0,0.13136817829874914,0.8686318217012513
1.0,0.9578306878306878,0.04216931216931217
1.0,0.24447500087631652,0.7555249991236831
0.0,0.29712049062049056,0.7028795093795093
1.0,1.0,0.0
1.0,0.7860009394201412,0.21399906057985899
1.0,1.0,0.0
1.0,1.0,0.0
1.0,0.42,0.58
0.0,0.13136817829874914,0.8686318217012513
1.0,0.481547619047619,0.518452380952381
1.0,0.63,0.37
0.0,0.08409422687102946,0.9159057731289704
0.0,0.9612374100719425,0.038762589928057554
1.0,0.8575249750249747,0.14247502497502493
1.0,0.5149733044733046,0.48502669552669536
1.0,0.554059511626414,0.44594048837358613
0.0,0.11461881062971895,0.8853811893702805
1.0,0.870436507936508,0.12956349206349208
1.0,1.0,0.0
0.0,0.04863123232976174,0.9513687676702383
1.0,0.30470304515231605,0.6952969548476838
1.0,0.554059511626414,0.44594048837358613
1.0,0.9346804485844095,0.06531955141559058
0.0,0.3768987824677395,0.6231012175322607
0.0,0.10738387500063601,0.8926161249993645
1.0,0.43187179487179495,0.568128205128205
0.0,0.21700862697150877,0.7829913730284909
1.0,0.9230567061394281,0.07694329386057142
1.0,0.34423474618308364,0.655765253816916
0.0,0.7417017585244201,0.25829824147557984
1.0,0.65,0.35
1.0,0.9705252525252526,0.029474747474747477
1.0,0.1370191098699155,0.8629808901300846
1.0,0.8659619297011716,0.1340380702988284
0.0,0.6113960137954555,0.38860398620454456
0.0,0.3512110389610389,0.648788961038961
1.0,1.0,0.0
0.0,0.6765149265822933,0.32348507341770627
1.0,0.5262103174603174,0.4737896825396826
1.0,0.8001972307067213,0.1998027692932785
0.0,0.31984346332774344,0.6801565366722564
0.0,0.9316997009703377,0.06830029902966209
1.0,0.9184646739130434,0.08153532608695652
1.0,0.6760548092422666,0.3239451907577331
1.0,0.4526774891774892,0.5473225108225108
0.0,0.39032289643577234,0.6096771035642277
1.0,0.894009822942838,0.10599017705716235
0.0,0.0,1.0
1.0,0.7213333333333333,0.2786666666666667
1.0,0.5087258618144843,0.49127413818551574
1.0,0.8850490897990895,0.1149509102009102
0.0,0.11461881062971895,0.8853811893702805
0.0,0.13951532245422554,0.8604846775457742
1.0,0.8733474862439162,0.1266525137560839
1.0,0.7486101415844371,0.2513898584155631
1.0,0.9620696958270487,0.037930304172951235
1.0,0.7662362776914174,0.23376372230858253
0.0,0.836364808288907,0.16363519171109303
0.0,0.6618852821155453,0.33811471788445474
0.0,0.0316374269005848,0.9683625730994152
0.0,0.6424466328557382,0.35755336714426195
1.0,0.7335028594717895,0.26649714052821055
0.0,0.5672163570869567,0.4327836429130433
1.0,0.8687835497835498,0.1312164502164502
1.0,0.8733474862439162,0.1266525137560839
1.0,1.0,0.0
1.0,0.7335028594717895,0.26649714052821055
1.0,0.6616560393370302,0.3383439606629695
1.0,0.7860009394201412,0.21399906057985899
1.0,0.7860009394201412,0.21399906057985899
1.0,0.5439675324675324,0.45603246753246746
1.0,0.8287594276638388,0.17124057233616052
0.0,0.10738387500063601,0.8926161249993645
1.0,0.4724657287157287,0.5275342712842713
1.0,0.8251944444444445,0.17480555555555552
1.0,0.9270391715267873,0.07296082847321235
1.0,0.8515930735930732,0.14840692640692635
1.0,0.94,0.06
0.0,1.0,0.0
1.0,0.5339408369408369,0.466059163059163
0.0,0.654715562215562,0.3452844377844378
1.0,0.3638928571428572,0.6361071428571429
0.0,0.48781180725878864,0.5121881927412114
1.0,0.9855555555555555,0.014444444444444444
1.0,0.36166666666666664,0.6383333333333333
0.0,1.0,0.0
1.0,0.7220112526362525,0.2779887473637473
0.0,0.059437236852054404,0.9405627631479453
0.0,0.670036377682432,0.329963622317568
1.0,0.40084225695073383,0.5991577430492661
0.0,0.1338740796280639,0.866125920371935
0.0,0.2341602486297327,0.7658397513702673
0.0,0.9316997009703377,0.06830029902966209
0.0,0.11091469070145539,0.8890853092985448
1.0,1.0,0.0
1.0,0.9279052619935808,0.07209473800641857
1.0,0.7860009394201412,0.21399906057985899
0.0,0.10738387500063601,0.8926161249993645
1.0,0.5765164741121095,0.42348352588789046
1.0,0.92,0.08
1.0,0.7860009394201412,0.21399906057985899
1.0,1.0,0.0
1.0,0.8672052669552671,0.13279473304473302
1.0,0.8548893557531252,0.14511064424687464
0.0,0.10738387500063601,0.8926161249993645
0.0,0.9374818907013178,0.06251810929868204
1.0,0.894009822942838,0.10599017705716235
1.0,0.5623698067031164,0.4376301932968836
1.0,0.9346804485844095,0.06531955141559058
1.0,0.670036377682432,0.329963622317568
1.0,0.6616560393370302,0.3383439606629695
1.0,0.6424466328557382,0.35755336714426195
1.0,0.26856722523998267,0.7314327747600171
1.0,0.6336730408934863,0.3663269591065134
1.0,0.7478959165529949,0.2521040834470052
1.0,0.8299390331890332,0.17006096681096675
1.0,0.8001972307067213,0.1998027692932785
0.0,0.2341602486297327,0.7658397513702673
1.0,0.7899598810305041,0.21004011896949554
1.0,0.29759738056654006,0.7024026194334598
0.0,0.10738387500063601,0.8926161249993645
0.0,0.12415465293165932,0.8758453470683409
1.0,0.0,1.0
0.0,0.10738387500063601,0.8926161249993645
0.0,0.6760548092422666,0.3239451907577331
1.0,0.5274523809523809,0.4725476190476192
1.0,0.8360370537500569,0.1639629462499431
1.0,0.9204285714285715,0.07957142857142857
0.0,0.10738387500063601,0.8926161249993645
0.0,0.13951532245422554,0.8604846775457742
0.0,0.284615329115329,0.7153846708846708
0.0,0.2530912698412698,0.7469087301587299
0.0,0.08042504069573207,0.919574959304268
0.0,0.5672163570869567,0.4327836429130433
1.0,0.554059511626414,0.44594048837358613
0.0,0.3768987824677395,0.6231012175322607
1.0,0.9775,0.0225
1.0,0.8013073593073591,0.1986926406926407
0.0,0.028664069253158352,0.9713359307468417
0.0,0.670036377682432,0.329963622317568
1.0,0.5672163570869567,0.4327836429130433
1.0,0.6765149265822933,0.32348507341770627
0.0,0.6619964387464385,0.3380035612535611
1.0,0.25701190476190466,0.7429880952380954
0.0,0.11461881062971895,0.8853811893702805
0.0,0.6815428320270986,0.3184571679729007
0.0,0.7090113684962022,0.2909886315037981
1.0,0.0,1.0
0.0,0.8428888888888889,0.15711111111111112
1.0,0.7335158730158728,0.26648412698412693
0.0,0.3768987824677395,0.6231012175322607
0.0,0.28407894469798106,0.7159210553020189
0.0,0.48781180725878864,0.5121881927412114
0.0,0.4076895703933749,0.5923104296066252
0.0,0.670036377682432,0.329963622317568
1.0,0.9346804485844095,0.06531955141559058
1.0,0.6765149265822933,0.32348507341770627
1.0,0.5721194918246001,0.4278805081753998
0.0,0.16901651176480892,0.8309834882351909
1.0,0.670036377682432,0.329963622317568
0.0,0.11461881062971895,0.8853811893702805
1.0,0.7232176989676986,0.27678230103230084
1.0,0.3594035224035224,0.6405964775964776
0.0,0.0,1.0
1.0,1.0,0.0
0.0,1.0,0.0
0.0,0.2323941588578485,0.767605841142151
0.0,0.554059511626414,0.44594048837358613
1.0,0.8062036137184581,0.1937963862815421
0.0,0.028664069253158352,0.9713359307468417
1.0,1.0,0.0
0.0,0.2650651004482274,0.7349348995517725
1.0,0.4968095728240709,0.5031904271759291
1.0,0.31984346332774344,0.6801565366722564
1.0,0.9911904761904764,0.008809523809523809
1.0,0.22668733045312928,0.773312669546871
1.0,0.4394116713609747,0.5605883286390254
0.0,0.9776666666666667,0.022333333333333334
0.0,0.09289986854166454,0.9071001314583352
0.0,0.5672163570869567,0.4327836429130433
1.0,0.5664628149628147,0.43353718503718497
1.0,0.1370191098699155,0.8629808901300846
1.0,0.98,0.02
1.0,0.8622158542503405,0.1377841457496595
0.0,0.08799096405902881,0.9120090359409709
0.0,0.5655785491404444,0.4344214508595558
0.0,0.7478959165529949,0.2521040834470052
0.0,0.9316997009703377,0.06830029902966209
1.0,0.5650303030303029,0.43496969696969695
1.0,0.9397698412698413,0.06023015873015873
1.0,0.5311008403361344,0.4688991596638656
0.0,0.7498765043381845,0.25012349566181574
1.0,0.843711677211677,0.15628832278832278
1.0,1.0,0.0
1.0,0.7855805418239798,0.21441945817602018
1.0,0.8303824747818729,0.16961752521812684
1.0,0.08799096405902881,0.9120090359409709
1.0,0.97,0.03
1.0,0.7460876623376624,0.2539123376623376
1.0,0.8548893557531252,0.14511064424687464
0.0,0.22821066433566434,0.7717893356643357
1.0,0.29,0.71
0.0,0.7408452380952378,0.25915476190476183
1.0,0.6616560393370302,0.3383439606629695
1.0,0.8733474862439162,0.1266525137560839
1.0,0.6113172192900743,0.388682780709926
0.0,0.02,0.98
1.0,0.47,0.53
0.0,0.31984346332774344,0.6801565366722564
1.0,0.8622158542503405,0.1377841457496595
1.0,0.7819202741702739,0.21807972582972582
1.0,0.8287594276638388,0.17124057233616052
1.0,0.9281818181818181,0.07181818181818182
1.0,0.7706428571428572,0.22935714285714284
0.0,0.2927094631622398,0.7072905368377604
0.0,1.0,0.0
0.0,0.11461881062971895,0.8853811893702805
1.0,0.7860009394201412,0.21399906057985899
1.0,0.37555335605569573,0.6244466439443044
0.0,0.2341602486297327,0.7658397513702673
1.0,0.8001972307067213,0.1998027692932785
1.0,0.6940543803274586,0.30594561967254125
1.0,0.99,0.01
0.0,0.13136817829874914,0.8686318217012513
0.0,0.670036377682432,0.329963622317568
1.0,0.9952651515151514,0.004734848484848484
0.0,0.7240767555003145,0.2759232444996854
1.0,0.8078959765724472,0.19210402342755284
1.0,0.6699725326550977,0.33002746734490224
1.0,0.6703809523809524,0.32961904761904764
1.0,0.9,0.1
0.0,0.03,0.97
0.0,0.7860009394201412,0.21399906057985899
0.0,0.5726984126984126,0.4273015873015873
1.0,0.5535855998977717,0.44641440010222844
0.0,0.6288423274269097,0.3711576725730903
1.0,0.894009822942838,0.10599017705716235
1.0,0.10738387500063601,0.8926161249993645
1.0,0.5778947368421052,0.4221052631578947
1.0,0.6065206736047823,0.3934793263952175
1.0,0.3366217671217671,0.6633782328782329
0.0,0.2650651004482274,0.7349348995517725
1.0,0.9316997009703377,0.06830029902966209
1.0,0.894009822942838,0.10599017705716235
0.0,0.6890405622289475,0.31095943777105267
1.0,0.964750651137648,0.03524934886235196
1.0,0.6329976597476598,0.3670023402523402
1.0,0.96,0.04
0.0,0.29759738056654006,0.7024026194334598
1.0,0.19004761904761908,0.8099523809523811
0.0,0.6940752025752022,0.3059247974247972
0.0,0.22420093795093787,0.7757990620490618
1.0,0.31984346332774344,0.6801565366722564
0.0,0.8667539682539682,0.13324603174603175
1.0,0.7860009394201412,0.21399906057985899
0.0,0.13136817829874914,0.8686318217012513
0.0,0.2341602486297327,0.7658397513702673
0.0,0.670036377682432,0.329963622317568
0.0,0.5655785491404444,0.4344214508595558
0.0,0.31627927955505103,0.6837207204449488
0.0,0.11461881062971895,0.8853811893702805
0.0,0.4480300956353589,0.5519699043646411
1.0,0.88,0.12
1.0,0.894009822942838,0.10599017705716235
0.0,0.49077988677988676,0.5092201132201132
0.0,0.568276295425929,0.43172370457407133
1.0,0.9976406926406927,0.002359307359307359
1.0,0.8907121212121208,0.10928787878787878
0.0,0.5768119935619934,0.4231880064380066
1.0,0.670036377682432,0.329963622317568
1.0,0.7852577743202488,0.21474222567975082
1.0,0.5311008403361344,0.4688991596638656
0.0,0.8856536519036519,0.11434634809634808
0.0,0.30470304515231605,0.6952969548476838
1.0,0.22916666666666663,0.7708333333333335
0.0,0.14298881673881675,0.8570111832611831
1.0,0.8622158542503405,0.1377841457496595
1.0,0.6424466328557382,0.35755336714426195
1.0,0.7478959165529949,0.2521040834470052
0.0,0.5340937499999999,0.46590625
1.0,0.61,0.39
0.0,0.6336730408934863,0.3663269591065134
1.0,0.34025121888644727,0.6597487811135524
0.0,0.29759738056654006,0.7024026194334598
1.0,0.8287594276638388,0.17124057233616052
1.0,1.0,0.0
1.0,0.7478959165529949,0.2521040834470052
1.0,0.6132205731431738,0.38677942685682604
1.0,0.6619166666666666,0.3380833333333333
0.0,0.25102394142702383,0.7489760585729758
1.0,0.7486101415844371,0.2513898584155631
1.0,0.7735746753246749,0.2264253246753246
1.0,0.5672163570869567,0.4327836429130433
1.0,0.7860009394201412,0.21399906057985899
0.0,0.5672163570869567,0.4327836429130433
1.0,1.0,0.0
0.0,0.7997215007215007,0.20027849927849922
1.0,0.7860009394201412,0.21399906057985899
1.0,0.7141666666666666,0.28583333333333333
1.0,0.6936547619047617,0.306345238095238
1.0,0.972539726965501,0.02746027303449904
0.0,0.4480300956353589,0.5519699043646411
1.0,1.0,0.0
0.0,0.5672163570869567,0.4327836429130433
1.0,0.6969365008029135,0.30306349919708636
0.0,0.31984346332774344,0.6801565366722564
0.0,0.5672163570869567,0.4327836429130433
0.0,0.48781180725878864,0.5121881927412114
0.0,0.04827460531590353,0.9517253946840966
1.0,0.670036377682432,0.329963622317568
0.0,0.011637426900584795,0.9883625730994151
0.0,0.34025121888644727,0.6597487811135524
1.0,0.98,0.02
0.0,0.32,0.68
0.0,0.25102394142702383,0.7489760585729758
1.0,0.940047619047619,0.059952380952380945
0.0,0.08799096405902881,0.9120090359409709
0.0,0.92,0.08
1.0,1.0,0.0
1.0,1.0,0.0
1.0,0.9406699134199132,0.05933008658008658
1.0,1.0,0.0
1.0,0.92,0.08
1.0,0.8255057399835383,0.17449426001646148
1.0,0.7565139618641034,0.24348603813589673
1.0,0.695,0.305
0.0,0.22005627705627695,0.7799437229437227
0.0,0.05018683967236784,0.9498131603276322
0.0,0.1486866743320841,0.8513133256679155
0.0,0.5672163570869567,0.4327836429130433
1.0,0.6940752025752022,0.3059247974247972
0.0,0.0,1.0
1.0,0.42870238095238095,0.571297619047619
1.0,0.99625,0.00375
1.0,0.6765149265822933,0.32348507341770627
1.0,0.6682698412698413,0.33173015873015865
0.0,0.55,0.45
1.0,0.21020704832138634,0.7897929516786136
0.0,0.13136817829874914,0.8686318217012513
1.0,0.6113960137954555,0.38860398620454456
1.0,0.4733333333333334,0.5266666666666666
1.0,0.9621582257502674,0.037841774249732396
1.0,0.7486101415844371,0.2513898584155631
1.0,0.8001972307067213,0.1998027692932785
1.0,0.5283095238095239,0.4716904761904761
1.0,0.7478959165529949,0.2521040834470052
0.0,0.5395234487734488,0.46047655122655123
1.0,0.31984346332774344,0.6801565366722564
0.0,0.14304761904761903,0.8569523809523811
0.0,0.4866666666666667,0.5133333333333333
0.0,0.9279052619935808,0.07209473800641857
0.0,0.1326633312597573,0.8673366687402422
1.0,1.0,0.0
1.0,1.0,0.0
1.0,0.8008437950937953,0.19915620490620484
0.0,0.30344524092090025,0.6965547590791001
0.0,0.19748312755729636,0.8025168724427035
1.0,0.6708333333333333,0.32916666666666666
1.0,0.28407894469798106,0.7159210553020189
1.0,0.9230567061394281,0.07694329386057142
1.0,0.9954999999999999,0.0045000000000000005
1.0,0.9121370838649102,0.08786291613508994
1.0,0.6578333333333333,0.3421666666666667
1.0,0.3341507936507937,0.6658492063492062
1.0,0.7486101415844371,0.2513898584155631
0.0,0.13136817829874914,0.8686318217012513
0.0,0.11461881062971895,0.8853811893702805
1.0,0.6562316849816849,0.34376831501831495
1.0,1.0,0.0
1.0,0.9855555555555555,0.014444444444444444
1.0,0.061047619047619045,0.9389523809523809
1.0,0.30470304515231605,0.6952969548476838
0.0,0.5128968104503768,0.4871031895496231
0.0,0.11461881062971895,0.8853811893702805
1.0,0.7662362776914174,0.23376372230858253
0.0,0.8983333333333333,0.10166666666666666
1.0,0.3035952380952381,0.696404761904762
1.0,0.6424466328557382,0.35755336714426195
1.0,0.7860009394201412,0.21399906057985899
1.0,0.8202931796752826,0.17970682032471685
1.0,0.7860009394201412,0.21399906057985899
0.0,0.6,0.4
1.0,0.6780714285714287,0.32192857142857134
1.0,0.7860009394201412,0.21399906057985899
0.0,0.7322889610389612,0.267711038961039
0.0,0.243864282933193,0.7561357170668065
1.0,0.6285714285714286,0.37142857142857144
0.0,0.4407688123709795,0.5592311876290205
1.0,0.48781180725878864,0.5121881927412114
1.0,0.8565,0.1435
1.0,0.31984346332774344,0.6801565366722564
0.0,0.3311666666666666,0.6688333333333333
1.0,0.7407103442287302,0.25928965577126983
1.0,0.7478959165529949,0.2521040834470052
1.0,0.5672163570869567,0.4327836429130433
1.0,1.0,0.0
0.0,0.48781180725878864,0.5121881927412114
1.0,0.6765149265822933,0.32348507341770627
1.0,0.8279634700852826,0.17203652991471752
1.0,1.0,0.0
0.0,0.5149733044733046,0.48502669552669536
0.0,0.7063379957731122,0.2936620042268877
0.0,0.1370191098699155,0.8629808901300846
1.0,0.7486101415844371,0.2513898584155631
1.0,0.7347023809523806,0.26529761904761895
1.0,0.894009822942838,0.10599017705716235
0.0,0.8001972307067213,0.1998027692932785
1.0,0.5152857142857143,0.48471428571428565
0.0,0.5672163570869567,0.4327836429130433
1.0,0.670036377682432,0.329963622317568
1.0,0.9196705794205794,0.08032942057942058
1.0,0.08799096405902881,0.9120090359409709
0.0,0.7325486341963375,0.2674513658036624
1.0,0.6285714285714286,0.37142857142857144
1.0,0.670036377682432,0.329963622317568
1.0,0.2409579126387397,0.7590420873612602
0.0,0.8939880952380952,0.10601190476190477
1.0,0.7290584415584411,0.27094155844155837
1.0,0.7175867465867463,0.28241325341325324
0.0,0.3495260613357334,0.6504739386642667
1.0,0.894009822942838,0.10599017705716235
1.0,0.8001972307067213,0.1998027692932785
0.0,0.6760548092422666,0.3239451907577331
1.0,0.9883333333333333,0.011666666666666665
0.0,0.4721666666666666,0.5278333333333334
1.0,0.9855555555555555,0.014444444444444444
1.0,0.8733474862439162,0.1266525137560839
0.0,0.08799096405902881,0.9120090359409709
0.0,0.9949450549450549,0.0050549450549450545
0.0,0.654715562215562,0.3452844377844378
1.0,0.556,0.444
1.0,0.11461881062971895,0.8853811893702805
0.0,0.7232311213636483,0.2767688786363517
1.0,0.748089466089466,0.2519105339105339
1.0,0.8733474862439162,0.1266525137560839
1.0,0.7565139618641034,0.24348603813589673
0.0,0.20386002858212582,0.7961399714178742
0.0,0.670036377682432,0.329963622317568
0.0,0.1708358308358308,0.8291641691641689
1.0,0.894009822942838,0.10599017705716235
1.0,0.6818073279377626,0.3181926720622373
0.0,0.1486866743320841,0.8513133256679155
0.0,0.1338740796280639,0.866125920371935
0.0,1.0,0.0
1.0,0.5529880952380953,0.44701190476190467
1.0,1.0,0.0
1.0,0.3495260613357334,0.6504739386642667
1.0,0.5672163570869567,0.4327836429130433
1.0,0.2736785714285714,0.7263214285714287
1.0,0.29759738056654006,0.7024026194334598
1.0,0.7063379957731122,0.2936620042268877
1.0,0.7603650793650791,0.2396349206349207
1.0,0.935,0.065
1.0,0.3677916666666667,0.6322083333333334
0.0,0.64420997423629,0.35579002576371005
1.0,0.028664069253158352,0.9713359307468417
0.0,0.6113172192900743,0.388682780709926
0.0,0.11461881062971895,0.8853811893702805
1.0,0.7899598810305041,0.21004011896949554
1.0,0.995,0.005
1.0,0.8202931796752826,0.17970682032471685
0.0,0.2927094631622398,0.7072905368377604
1.0,0.9896092657342659,0.010390734265734265
1.0,0.5339408369408369,0.466059163059163
1.0,0.08409422687102946,0.9159057731289704
0.0,0.04539993339993341,0.9546000666000665
0.0,0.30470304515231605,0.6952969548476838
1.0,0.6113960137954555,0.38860398620454456
1.0,0.8733474862439162,0.1266525137560839
1.0,0.40084225695073383,0.5991577430492661
1.0,0.8548893557531252,0.14511064424687464
0.0,0.5752095760535946,0.42479042394640537
1.0,0.8784306953243268,0.12156930467567331
0.0,0.9332952212108995,0.06670477878910042
1.0,0.7486101415844371,0.2513898584155631
1.0,0.8733474862439162,0.1266525137560839
0.0,0.11461881062971895,0.8853811893702805
0.0,0.11461881062971895,0.8853811893702805
1.0,1.0,0.0
0.0,0.2970093795093794,0.7029906204906201
1.0,0.25333333333333335,0.7466666666666666
0.0,0.10121212121212121,0.8987878787878788
0.0,0.7738333333333334,0.22616666666666668
1.0,0.5672163570869567,0.4327836429130433
1.0,0.6551790856595313,0.34482091434046874
1.0,0.99,0.01
1.0,0.9398060795386278,0.060193920461372105
1.0,0.6424466328557382,0.35755336714426195
0.0,1.0,0.0
1.0,0.9270391715267873,0.07296082847321235
0.0,0.1370191098699155,0.8629808901300846
1.0,0.7980317460317459,0.20196825396825396
0.0,0.26856722523998267,0.7314327747600171
0.0,0.6424466328557382,0.35755336714426195
1.0,0.894009822942838,0.10599017705716235
0.0,0.34025121888644727,0.6597487811135524
1.0,0.4457236652236651,0.5542763347763349
0.0,0.10738387500063601,0.8926161249993645
1.0,0.670036377682432,0.329963622317568
0.0,0.8254047619047619,0.17459523809523814
0.0,0.13136817829874914,0.8686318217012513
0.0,0.48125,0.51875
1.0,0.7860009394201412,0.21399906057985899
1.0,1.0,0.0
0.0,0.14371976302668563,0.856280236973314
1.0,0.7933333333333333,0.20666666666666664
0.0,0.9608771929824562,0.039122807017543865
1.0,0.8392418013273273,0.16075819867267233
0.0,0.8255057399835383,0.17449426001646148
0.0,0.5672163570869567,0.4327836429130433
1.0,0.6394383949383949,0.36056160506160495
1.0,0.9485865800865799,0.05141341991341991
0.0,0.13136817829874914,0.8686318217012513
0.0,0.243864282933193,0.7561357170668065
0.0,0.26816269841269835,0.7318373015873014
0.0,0.10738387500063601,0.8926161249993645
1.0,0.9785000000000003,0.021500000000000005
1.0,0.3073924642179286,0.6926075357820711
0.0,0.3366217671217671,0.6633782328782329
1.0,0.7079006372662349,0.29209936273376513
0.0,0.6940543803274586,0.30594561967254125
0.0,0.243864282933193,0.7561357170668065
1.0,0.8622158542503405,0.1377841457496595
1.0,0.8088492063492067,0.19115079365079357
1.0,1.0,0.0
0.0,0.7662362776914174,0.23376372230858253
0.0,0.10738387500063601,0.8926161249993645
0.0,0.6313726165295058,0.368627383470494
1.0,0.4616773096184861,0.538322690381514
1.0,0.7175867465867463,0.28241325341325324
1.0,0.794,0.20600000000000002
0.0,0.99,0.01
1.0,0.670036377682432,0.329963622317568
1.0,0.9230567061394281,0.07694329386057142
0.0,0.6113960137954555,0.38860398620454456
1.0,0.4917012987012987,0.5082987012987012
1.0,0.8908755588730075,0.1091244411269919
0.0,0.25219474969474964,0.7478052503052502
1.0,0.7860844155844157,0.21391558441558442
0.0,0.21173961498284735,0.7882603850171526
1.0,0.95,0.05
0.0,0.8336754385964912,0.1663245614035088
0.0,0.2530912698412698,0.7469087301587299
1.0,0.7912380952380953,0.20876190476190476
1.0,1.0,0.0
1.0,0.5939583333333334,0.40604166666666663
1.0,0.44293650793650785,0.557063492063492
0.0,0.0,1.0
1.0,0.6394383949383949,0.36056160506160495
0.0,0.10738387500063601,0.8926161249993645
1.0,0.670036377682432,0.329963622317568
0.0,0.6765149265822933,0.32348507341770627
1.0,0.9875,0.0125
0.0,0.0,1.0
0.0,0.11461881062971895,0.8853811893702805
0.0,0.8308650793650793,0.1691349206349206
0.0,0.4889671528591808,0.5110328471408192
1.0,0.91,0.09
0.0,0.7428814461798345,0.2571185538201655
1.0,0.670036377682432,0.329963622317568
1.0,0.894009822942838,0.10599017705716235
0.0,0.10738387500063601,0.8926161249993645
1.0,0.894009822942838,0.10599017705716235
1.0,0.48061904761904756,0.5193809523809524
1.0,0.8733474862439162,0.1266525137560839
1.0,0.7498765043381845,0.25012349566181574
1.0,0.6760548092422666,0.3239451907577331
0.0,0.4197727036844837,0.5802272963155163
1.0,0.7335028594717895,0.26649714052821055
0.0,0.3734867216117215,0.6265132783882784
0.0,0.6113960137954555,0.38860398620454456
0.0,0.7819202741702739,0.21807972582972582
1.0,0.2508975468975469,0.7491024531024528
1.0,0.34025121888644727,0.6597487811135524
0.0,0.6113960137954555,0.38860398620454456
0.0,0.13951532245422554,0.8604846775457742
0.0,0.9943905529953918,0.0056094470046082956
1.0,0.643678239330329,0.3563217606696709
1.0,0.8044047619047621,0.19559523809523807
0.0,0.378834249084249,0.6211657509157508
0.0,0.30470304515231605,0.6952969548476838
1.0,0.31,0.69
1.0,0.7860009394201412,0.21399906057985899
0.0,0.2341602486297327,0.7658397513702673
0.0,0.17127612675728784,0.828723873242712
1.0,0.7565139618641034,0.24348603813589673
1.0,0.894009822942838,0.10599017705716235
1.0,0.8983333333333333,0.10166666666666666
1.0,0.7199229797979797,0.28007702020202024
1.0,0.8202931796752826,0.17970682032471685
0.0,0.24248288485180955,0.7575171151481905
1.0,0.48781180725878864,0.5121881927412114
1.0,0.9368855311355311,0.06311446886446886
0.0,0.10738387500063601,0.8926161249993645
1.0,0.10738387500063601,0.8926161249993645
1.0,0.29759738056654006,0.7024026194334598
0.0,0.670036377682432,0.329963622317568
1.0,0.9766666666666667,0.02333333333333333
1.0,0.9969230769230769,0.003076923076923077
0.0,0.6113960137954555,0.38860398620454456
0.0,0.0018979744936234058,0.9981020255063765
1.0,0.764358016983017,0.23564198301698286
0.0,0.243864282933193,0.7561357170668065
1.0,0.5672163570869567,0.4327836429130433
1.0,0.95,0.05
1.0,1.0,0.0
0.0,0.5672163570869567,0.4327836429130433
0.0,0.654715562215562,0.3452844377844378
1.0,0.6765149265822933,0.32348507341770627
0.0,0.6336730408934863,0.3663269591065134
0.0,0.1326633312597573,0.8673366687402422
0.0,0.10738387500063601,0.8926161249993645
0.0,0.10738387500063601,0.8926161249993645
1.0,0.9316997009703377,0.06830029902966209
1.0,0.9316997009703377,0.06830029902966209
1.0,1.0,0.0
1.0,0.8088492063492067,0.19115079365079357
1.0,0.5672163570869567,0.4327836429130433
1.0,0.94,0.06
0.0,0.7478959165529949,0.2521040834470052
0.0,0.31984346332774344,0.6801565366722564
0.0,0.10738387500063601,0.8926161249993645
1.0,0.9593333333333334,0.04066666666666666
1.0,0.9230567061394281,0.07694329386057142
1.0,0.8001972307067213,0.1998027692932785
1.0,0.99,0.01
0.0,0.10738387500063601,0.8926161249993645
0.0,0.7081428571428573,0.2918571428571429
0.0,0.8733474862439162,0.1266525137560839
1.0,0.7361842297396645,0.2638157702603354
1.0,0.8255057399835383,0.17449426001646148
1.0,0.8012276089923147,0.19877239100768512
1.0,0.6113960137954555,0.38860398620454456
0.0,0.894009822942838,0.10599017705716235
0.0,0.4899305555555555,0.5100694444444445
1.0,0.985479744936234,0.014520255063765941
0.0,0.568276295425929,0.43172370457407133
1.0,0.9977380952380952,0.002261904761904762
1.0,0.7361842297396645,0.2638157702603354
0.0,0.8183874624685146,0.181612537531485
1.0,0.894009822942838,0.10599017705716235
1.0,0.5768119935619934,0.4231880064380066
1.0,0.9121370838649102,0.08786291613508994
1.0,1.0,0.0
1.0,0.8117182539682536,0.188281746031746
0.0,0.0,1.0
1.0,0.28407894469798106,0.7159210553020189
1.0,0.13136817829874914,0.8686318217012513
0.0,0.34423474618308364,0.655765253816916
0.0,0.8027067703538293,0.19729322964617085
0.0,0.30470304515231605,0.6952969548476838
1.0,0.988479797979798,0.011520202020202019
0.0,0.735003968253968,0.26499603174603165
1.0,0.568276295425929,0.43172370457407133
1.0,0.7478959165529949,0.2521040834470052
1.0,0.9346804485844095,0.06531955141559058
1.0,0.5392980113281971,0.46070198867180295
0.0,0.8553333333333332,0.14466666666666664
1.0,0.670036377682432,0.329963622317568
0.0,0.9765070207570207,0.023492979242979245
1.0,0.10738387500063601,0.8926161249993645
1.0,0.5392980113281971,0.46070198867180295
1.0,0.4792857142857143,0.5207142857142857
1.0,0.34025121888644727,0.6597487811135524
0.0,0.7899598810305041,0.21004011896949554
0.0,0.17979390928948427,0.8202060907105154
0.0,0.0,1.0
1.0,0.5075006105006105,0.49249938949938965
0.0,0.10738387500063601,0.8926161249993645
0.0,0.30470304515231605,0.6952969548476838
1.0,0.8001972307067213,0.1998027692932785
1.0,0.5209902597402596,0.4790097402597403
1.0,0.9590476190476191,0.04095238095238095
0.0,0.935,0.065
1.0,0.9883333333333333,0.011666666666666665
0.0,0.8155969214250949,0.18440307857490523
0.0,0.028664069253158352,0.9713359307468417
0.0,0.41875795738489235,0.5812420426151075
0.0,0.10738387500063601,0.8926161249993645
1.0,0.643678239330329,0.3563217606696709
1.0,0.27613278388278384,0.7238672161172158
1.0,0.7860009394201412,0.21399906057985899
1.0,0.894009822942838,0.10599017705716235
1.0,0.9333333333333335,0.06666666666666667
1.0,0.7335028594717895,0.26649714052821055
1.0,0.6760548092422666,0.3239451907577331
0.0,0.3098074222332406,0.6901925777667591
1.0,0.6481547619047617,0.3518452380952381
0.0,0.26856722523998267,0.7314327747600171
1.0,0.5655785491404444,0.4344214508595558
1.0,0.7353809523809524,0.26461904761904764
1.0,0.4076895703933749,0.5923104296066252
0.0,0.07576017161628668,0.9242398283837128
1.0,0.9755555555555556,0.024444444444444446
0.0,0.08409422687102946,0.9159057731289704
1.0,0.47859126984126965,0.5214087301587303
1.0,0.8202931796752826,0.17970682032471685
0.0,0.17949392274392273,0.820506077256077
1.0,0.6369761904761904,0.3630238095238095
0.0,0.001322882536551036,0.998677117463449
1.0,0.8202931796752826,0.17970682032471685
0.0,0.1370191098699155,0.8629808901300846
1.0,1.0,0.0
1.0,0.9405448717948718,0.0594551282051282
1.0,0.9292307692307692,0.07076923076923076
1.0,0.7290584415584411,0.27094155844155837
0.0,0.13136817829874914,0.8686318217012513
0.0,0.10738387500063601,0.8926161249993645
1.0,0.8255057399835383,0.17449426001646148
0.0,0.05516247611714156,0.9448375238828584
1.0,0.7997215007215007,0.20027849927849922
1.0,0.7361842297396645,0.2638157702603354
1.0,0.554059511626414,0.44594048837358613
0.0,0.7860009394201412,0.21399906057985899
0.0,0.5672163570869567,0.4327836429130433
1.0,0.7407103442287302,0.25928965577126983
0.0,0.7408452380952378,0.25915476190476183
0.0,0.21700862697150877,0.7829913730284909
1.0,0.7890387998224686,0.2109612001775314
1.0,0.9755555555555556,0.024444444444444446
1.0,0.9316997009703377,0.06830029902966209
0.0,0.554059511626414,0.44594048837358613
1.0,0.7587380952380953,0.24126190476190476
0.0,0.10738387500063601,0.8926161249993645
1.0,0.5672163570869567,0.4327836429130433
0.0,0.4808804528804527,0.5191195471195472
0.0,0.13136817829874914,0.8686318217012513
0.0,0.5721194918246001,0.4278805081753998
1.0,0.0671875,0.9328125
0.0,0.1761138006138006,0.8238861993861994
1.0,0.5623698067031164,0.4376301932968836
1.0,0.7565139618641034,0.24348603813589673
0.0,0.2508975468975469,0.7491024531024528
0.0,0.6599692113974223,0.34003078860257774
0.0,0.30470304515231605,0.6952969548476838
1.0,0.9579545415605786,0.04204545843942129
0.0,0.0,1.0
1.0,0.75,0.25
1.0,0.7335028594717895,0.26649714052821055
1.0,0.9897826086956522,0.010217391304347827
0.0,0.7063379957731122,0.2936620042268877
1.0,0.9885728739002932,0.011427126099706744
1.0,0.5087258618144843,0.49127413818551574
1.0,0.995,0.005
1.0,0.5655785491404444,0.4344214508595558
1.0,0.39820238095238103,0.601797619047619
0.0,0.10738387500063601,0.8926161249993645
0.0,0.13136817829874914,0.8686318217012513
0.0,0.7797261904761903,0.22027380952380948
1.0,0.7662362776914174,0.23376372230858253
1.0,0.9889026452989191,0.011097354701081062
0.0,0.31984346332774344,0.6801565366722564
1.0,0.9316997009703377,0.06830029902966209
0.0,0.5891666666666667,0.4108333333333333
1.0,0.7335028594717895,0.26649714052821055
1.0,0.22270141028356194,0.7772985897164381
1.0,1.0,0.0
1.0,0.670036377682432,0.329963622317568
0.0,0.10738387500063601,0.8926161249993645
1.0,0.854290293040293,0.14570970695970692
1.0,0.7486101415844371,0.2513898584155631
1.0,1.0,0.0
0.0,0.29712049062049056,0.7028795093795093
1.0,0.8183874624685146,0.181612537531485
1.0,0.6559999999999999,0.344
0.0,0.13136817829874914,0.8686318217012513
0.0,0.9828947368421052,0.017105263157894738
1.0,0.7408452380952378,0.25915476190476183
1.0,0.4623055555555555,0.5376944444444445
1.0,0.10738387500063601,0.8926161249993645
1.0,0.5752095760535946,0.42479042394640537
1.0,0.8548893557531252,0.14511064424687464
0.0,0.24666666666666665,0.7533333333333333
1.0,0.21700862697150877,0.7829913730284909
1.0,0.994936403508772,0.0050635964912280704
0.0,0.11461881062971895,0.8853811893702805
0.0,0.855101086306194,0.14489891369380525
0.0,0.7860009394201412,0.21399906057985899
1.0,0.670036377682432,0.329963622317568
1.0,0.7874652310365932,0.21253476896340665
1.0,0.5672163570869567,0.4327836429130433
1.0,0.8622158542503405,0.1377841457496595
1.0,0.8001972307067213,0.1998027692932785
1.0,0.9142320453912559,0.08576795460874408
0.0,0.10738387500063601,0.8926161249993645
0.0,0.5655785491404444,0.4344214508595558
1.0,0.0,1.0
1.0,0.8208333333333333,0.17916666666666664
0.0,0.10738387500063601,0.8926161249993645
1.0,0.7565139618641034,0.24348603813589673
0.0,0.1934920634920635,0.8065079365079364
0.0,0.23443679604709008,0.76556320395291
1.0,0.28833333333333333,0.7116666666666667
1.0,0.8991543809281454,0.10084561907185409
0.0,0.6940752025752022,0.3059247974247972
0.0,0.008603520017993702,0.9913964799820062
0.0,0.30470304515231605,0.6952969548476838
0.0,0.028664069253158352,0.9713359307468417
0.0,0.028664069253158352,0.9713359307468417
1.0,0.34025121888644727,0.6597487811135524
0.0,0.243864282933193,0.7561357170668065
1.0,0.98,0.02
1.0,0.9207627364465597,0.07923726355344005
1.0,0.8088492063492067,0.19115079365079357
1.0,0.670036377682432,0.329963622317568
0.0,0.13136817829874914,0.8686318217012513
1.0,0.95,0.05
1.0,0.13136817829874914,0.8686318217012513
1.0,0.20304278616120727,0.7969572138387927
1.0,0.7335028594717895,0.26649714052821055
1.0,0.894009822942838,0.10599017705716235
0.0,0.7486101415844371,0.2513898584155631
0.0,0.24057845216359142,0.7594215478364081
0.0,0.7220112526362525,0.2779887473637473
0.0,0.6616560393370302,0.3383439606629695
1.0,0.8255057399835383,0.17449426001646148
1.0,0.8146794757243674,0.1853205242756326
0.0,0.6288423274269097,0.3711576725730903
0.0,0.30833333333333335,0.6916666666666668
1.0,0.6113172192900743,0.388682780709926
1.0,0.9773352758352758,0.02266472416472417
0.0,0.1370191098699155,0.8629808901300846
0.0,0.7735746753246749,0.2264253246753246
1.0,0.8157734487734487,0.18422655122655127
1.0,0.8548893557531252,0.14511064424687464
1.0,0.7328151457639257,0.26718485423607446
0.0,0.7335028594717895,0.26649714052821055
1.0,0.9121370838649102,0.08786291613508994
1.0,0.5209902597402596,0.4790097402597403
0.0,0.679569535942214,0.320430464057786
0.0,0.894009822942838,0.10599017705716235
1.0,0.9346804485844095,0.06531955141559058
1.0,0.2420952380952381,0.7579047619047619
1.0,0.801463768115942,0.19853623188405803
1.0,0.92,0.08
0.0,0.31984346332774344,0.6801565366722564
0.0,0.2970093795093794,0.7029906204906201
0.0,0.25102394142702383,0.7489760585729758
1.0,0.8299047619047619,0.1700952380952381
0.0,0.9580705241480385,0.041929475851961516
1.0,0.11534865951042417,0.8846513404895758
1.0,0.97,0.03
0.0,0.31984346332774344,0.6801565366722564
0.0,0.0,1.0
0.0,0.10738387500063601,0.8926161249993645
1.0,0.670036377682432,0.329963622317568
1.0,0.8622158542503405,0.1377841457496595
1.0,0.9207627364465597,0.07923726355344005
1.0,0.7860009394201412,0.21399906057985899
1.0,0.6113960137954555,0.38860398620454456
0.0,0.010389610389610388,0.9896103896103895
0.0,0.7486101415844371,0.2513898584155631
0.0,0.10738387500063601,0.8926161249993645
1.0,0.6653120613047083,0.33468793869529156
1.0,0.5164487107095802,0.48355128929041974
1.0,0.8908755588730075,0.1091244411269919
1.0,0.8548893557531252,0.14511064424687464
0.0,0.7407103442287302,0.25928965577126983
1.0,0.6760548092422666,0.3239451907577331
0.0,0.014783549783549782,0.9852164502164501
0.0,0.7498765043381845,0.25012349566181574
0.0,0.30470304515231605,0.6952969548476838
0.0,0.10738387500063601,0.8926161249993645
1.0,0.9952651515151514,0.004734848484848484
0.0,0.10738387500063601,0.8926161249993645
0.0,0.1139383965707495,0.8860616034292507
1.0,0.30470304515231605,0.6952969548476838
1.0,0.8747395039600918,0.1252604960399078
0.0,0.7290584415584411,0.27094155844155837
0.0,0.31984346332774344,0.6801565366722564
0.0,0.48750036075036063,0.5124996392496394
1.0,0.7335028594717895,0.26649714052821055
0.0,0.31984346332774344,0.6801565366722564
1.0,0.894009822942838,0.10599017705716235
1.0,0.21700862697150877,0.7829913730284909
0.0,0.13136817829874914,0.8686318217012513
1.0,0.6619166666666666,0.3380833333333333
1.0,0.7662362776914174,0.23376372230858253
1.0,1.0,0.0
0.0,0.11461881062971895,0.8853811893702805
1.0,0.4394116713609747,0.5605883286390254
1.0,0.5046817609634947,0.49531823903650524
1.0,0.3768987824677395,0.6231012175322607
1.0,0.34332700155881246,0.6566729984411875
0.0,0.40084225695073383,0.5991577430492661
1.0,0.13951532245422554,0.8604846775457742
0.0,0.7556101275124479,0.24438987248755178
1.0,0.6591666666666666,0.34083333333333327
1.0,0.4639047619047619,0.5360952380952382
0.0,0.30470304515231605,0.6952969548476838
0.0,0.31984346332774344,0.6801565366722564
1.0,0.670036377682432,0.329963622317568
0.0,0.5768119935619934,0.4231880064380066
1.0,0.894009822942838,0.10599017705716235
0.0,0.6113960137954555,0.38860398620454456
1.0,0.9643701070171659,0.035629892982834165
1.0,1.0,0.0
0.0,0.9477380952380954,0.05226190476190476
0.0,0.5672163570869567,0.4327836429130433
1.0,0.8139964137170018,0.18600358628299798
0.0,0.1370191098699155,0.8629808901300846
0.0,0.22005627705627695,0.7799437229437227
0.0,0.3495260613357334,0.6504739386642667
1.0,0.8575249750249747,0.14247502497502493
1.0,0.9063333333333332,0.09366666666666668
0.0,0.7090113684962022,0.2909886315037981
1.0,0.9654126984126984,0.03458730158730159
0.0,0.5721194918246001,0.4278805081753998
1.0,0.8287594276638388,0.17124057233616052
0.0,0.7335028594717895,0.26649714052821055
1.0,0.5672163570869567,0.4327836429130433
0.0,0.8303824747818729,0.16961752521812684
1.0,0.8190610810757866,0.18093891892421296
0.0,0.10738387500063601,0.8926161249993645
0.0,0.6481547619047617,0.3518452380952381
1.0,0.9883333333333334,0.011666666666666665
1.0,0.670036377682432,0.329963622317568
1.0,1.0,0.0
1.0,0.5672163570869567,0.4327836429130433
1.0,0.99,0.01
0.0,0.670036377682432,0.329963622317568
1.0,0.7486101415844371,0.2513898584155631
1.0,0.48781180725878864,0.5121881927412114
0.0,0.5672163570869567,0.4327836429130433
1.0,1.0,0.0
1.0,0.9238095238095237,0.07619047619047618
1.0,0.9590714285714285,0.04092857142857143
1.0,0.6760548092422666,0.3239451907577331
0.0,0.7478959165529949,0.2521040834470052
0.0,0.4899305555555555,0.5100694444444445
1.0,0.48781180725878864,0.5121881927412114
1.0,1.0,0.0
1.0,0.7860009394201412,0.21399906057985899
0.0,1.0,0.0
0.0,0.6760548092422666,0.3239451907577331
1.0,0.8287594276638388,0.17124057233616052
1.0,0.9216666666666667,0.07833333333333332
1.0,0.7984880952380952,0.20151190476190475
1.0,0.9684139408947594,0.0315860591052407
1.0,0.6966575091575092,0.30334249084249093
1.0,0.0225,0.9775
0.0,0.7063379957731122,0.2936620042268877
0.0,0.670036377682432,0.329963622317568
0.0,0.10738387500063601,0.8926161249993645
1.0,0.9207627364465597,0.07923726355344005
1.0,1.0,0.0
1.0,0.8183333333333335,0.18166666666666664
1.0,0.7394601232101229,0.2605398767898767
0.0,0.37668135261167207,0.6233186473883279
0.0,0.24447500087631652,0.7555249991236831
1.0,0.9121370838649102,0.08786291613508994
0.0,0.5283095238095239,0.4716904761904761
1.0,0.41875795738489235,0.5812420426151075
1.0,0.8622158542503405,0.1377841457496595
1.0,0.894009822942838,0.10599017705716235
0.0,0.45,0.55
0.0,0.5479642857142857,0.4520357142857143
1.0,0.9881666666666667,0.011833333333333331
0.0,0.904,0.096
1.0,0.6760548092422666,0.3239451907577331
1.0,0.7890387998224686,0.2109612001775314
1.0,0.8908755588730075,0.1091244411269919
1.0,0.9316997009703377,0.06830029902966209
0.0,0.2341602486297327,0.7658397513702673
1.0,0.31984346332774344,0.6801565366722564
0.0,0.10738387500063601,0.8926161249993645
1.0,0.5768333333333333,0.4231666666666667
1.0,1.0,0.0
1.0,1.0,0.0
0.0,0.894009822942838,0.10599017705716235
0.0,0.2880119047619047,0.7119880952380951
0.0,0.670036377682432,0.329963622317568
0.0,0.84,0.16
1.0,0.554059511626414,0.44594048837358613
1.0,0.98,0.02
0.0,0.6104966422466421,0.3895033577533578
0.0,0.13136817829874914,0.8686318217012513
1.0,0.98,0.02
1.0,0.9906666666666668,0.009333333333333334
1.0,0.7819202741702739,0.21807972582972582
1.0,0.9346804485844095,0.06531955141559058
1.0,0.7498765043381845,0.25012349566181574
1.0,0.894009822942838,0.10599017705716235
0.0,0.21020704832138634,0.7897929516786136
0.0,0.0,1.0
1.0,0.6424466328557382,0.35755336714426195
0.0,0.5441738973878157,0.4558261026121842
1.0,0.3676875918199448,0.6323124081800553
1.0,0.9396428571428572,0.060357142857142866
1.0,0.8733474862439162,0.1266525137560839
1.0,0.894009822942838,0.10599017705716235
1.0,0.5742619047619048,0.42573809523809536
1.0,0.707031746031746,0.2929682539682539
1.0,0.6443333333333334,0.35566666666666663
1.0,0.21020704832138634,0.7897929516786136
1.0,0.643678239330329,0.3563217606696709
1.0,0.9306933716027467,0.06930662839725296
0.0,0.08799096405902881,0.9120090359409709
0.0,0.4407688123709795,0.5592311876290205
0.0,0.05991377994368255,0.9400862200563173
1.0,0.6856266233766233,0.31437337662337655
1.0,0.26856722523998267,0.7314327747600171
0.0,0.11534865951042417,0.8846513404895758
1.0,0.670036377682432,0.329963622317568
0.0,0.6096557886557886,0.3903442113442114
1.0,0.7090113684962022,0.2909886315037981
1.0,0.9225213418612802,0.07747865813871976
1.0,0.7860009394201412,0.21399906057985899
1.0,0.9316997009703377,0.06830029902966209
1.0,1.0,0.0
0.0,0.5591666666666667,0.44083333333333313
1.0,0.8622158542503405,0.1377841457496595
0.0,0.670036377682432,0.329963622317568
0.0,0.3512110389610389,0.648788961038961
0.0,0.20386002858212582,0.7961399714178742
1.0,0.95,0.05
1.0,0.58,0.42
1.0,0.2605321326589019,0.739467867341098
1.0,0.568276295425929,0.43172370457407133
1.0,0.3073924642179286,0.6926075357820711
0.0,0.8754722222222222,0.12452777777777778
0.0,0.7090113684962022,0.2909886315037981
0.0,0.8303824747818729,0.16961752521812684
0.0,0.47,0.53
1.0,0.3341507936507937,0.6658492063492062
1.0,0.9207627364465597,0.07923726355344005
1.0,0.5262103174603174,0.4737896825396826
0.0,0.3495260613357334,0.6504739386642667
1.0,0.8733474862439162,0.1266525137560839
1.0,1.0,0.0
1.0,0.3843290043290043,0.6156709956709957
0.0,0.1326633312597573,0.8673366687402422
1.0,0.8045198412698413,0.1954801587301587
0.0,0.30470304515231605,0.6952969548476838
0.0,0.243864282933193,0.7561357170668065
0.0,0.568276295425929,0.43172370457407133
1.0,0.91,0.09
1.0,0.5706742424242425,0.42932575757575764
1.0,0.536,0.46399999999999997
1.0,0.7860009394201412,0.21399906057985899
1.0,0.8062036137184581,0.1937963862815421
1.0,0.2977499999999999,0.7022499999999999
1.0,0.6765149265822933,0.32348507341770627
0.0,0.11461881062971895,0.8853811893702805
0.0,0.670036377682432,0.329963622317568
0.0,0.13136817829874914,0.8686318217012513
0.0,0.670036377682432,0.329963622317568
1.0,0.7747222222222221,0.22527777777777774
1.0,0.6132205731431738,0.38677942685682604
1.0,0.93,0.07
0.0,0.1899707514707514,0.8100292485292484
1.0,0.29759738056654006,0.7024026194334598
0.0,0.11461881062971895,0.8853811893702805
0.0,0.419774249872934,0.580225750127066
0.0,0.670036377682432,0.329963622317568
1.0,0.8738095238095238,0.1261904761904762
1.0,0.5721194918246001,0.4278805081753998
0.0,0.7800948773448773,0.2199051226551227
0.0,0.5742619047619048,0.42573809523809536
1.0,0.17949392274392273,0.820506077256077
1.0,0.8601272338772337,0.1398727661227661
0.0,0.8255057399835383,0.17449426001646148
1.0,0.6336730408934863,0.3663269591065134
0.0,0.243864282933193,0.7561357170668065
1.0,0.99,0.01
0.0,0.09289986854166454,0.9071001314583352
1.0,0.6113960137954555,0.38860398620454456
0.0,0.11461881062971895,0.8853811893702805
0.0,0.34025121888644727,0.6597487811135524
0.0,0.4595,0.5405
0.0,0.11461881062971895,0.8853811893702805
1.0,0.9270391715267873,0.07296082847321235
1.0,0.846971916971917,0.15302808302808302
1.0,0.8127610722610723,0.18723892773892775
1.0,0.21755652978114046,0.7824434702188594
1.0,0.7860009394201412,0.21399906057985899
1.0,0.981,0.019
0.0,0.059437236852054404,0.9405627631479453
0.0,0.670036377682432,0.329963622317568
0.0,0.07576017161628668,0.9242398283837128
0.0,0.14371976302668563,0.856280236973314
0.0,0.670036377682432,0.329963622317568
0.0,0.10738387500063601,0.8926161249993645
1.0,0.32732630498791826,0.6726736950120817
1.0,0.6619964387464385,0.3380035612535611
1.0,0.6336730408934863,0.3663269591065134
1.0,1.0,0.0
0.0,0.5672163570869567,0.4327836429130433
0.0,1.0,0.0
0.0,0.6760548092422666,0.3239451907577331
0.0,0.8553093434343434,0.14469065656565655
1.0,0.39785714285714285,0.6021428571428572
1.0,0.9775,0.0225
1.0,0.8360370537500569,0.1639629462499431
1.0,0.43520157877897825,0.5647984212210219
1.0,0.11461881062971895,0.8853811893702805
0.0,0.6113960137954555,0.38860398620454456
1.0,0.894009822942838,0.10599017705716235
0.0,0.8882452384217088,0.111754761578291
0.0,0.6940752025752022,0.3059247974247972
1.0,0.16901651176480892,0.8309834882351909
0.0,0.7408452380952378,0.25915476190476183
0.0,0.11461881062971895,0.8853811893702805
1.0,0.5672163570869567,0.4327836429130433
1.0,0.7433571428571429,0.2566428571428572
1.0,0.670036377682432,0.329963622317568
1.0,0.894009822942838,0.10599017705716235
0.0,0.31984346332774344,0.6801565366722564
1.0,0.6940543803274586,0.30594561967254125
1.0,0.9050715200262411,0.09492847997375856
0.0,0.7860009394201412,0.21399906057985899
1.0,0.6113172192900743,0.388682780709926
1.0,0.4537380952380952,0.5462619047619048
1.0,0.7890387998224686,0.2109612001775314
0.0,0.10738387500063601,0.8926161249993645
0.0,0.46366666666666667,0.5363333333333333
0.0,0.0,1.0
0.0,0.5672163570869567,0.4327836429130433
1.0,0.4988762626262625,0.5011237373737375
1.0,0.30470304515231605,0.6952969548476838
1.0,1.0,0.0
1.0,1.0,0.0
1.0,0.5721194918246001,0.4278805081753998
1.0,0.8628333333333333,0.13716666666666666
0.0,0.11461881062971895,0.8853811893702805
0.0,0.31984346332774344,0.6801565366722564
0.0,0.0,1.0
1.0,0.894009822942838,0.10599017705716235
1.0,0.2734112203585887,0.7265887796414111
1.0,0.9121370838649102,0.08786291613508994
1.0,1.0,0.0
1.0,0.7860009394201412,0.21399906057985899
1.0,0.7478959165529949,0.2521040834470052
1.0,0.6616560393370302,0.3383439606629695
1.0,0.9306933716027467,0.06930662839725296
0.0,0.21020704832138634,0.7897929516786136
1.0,1.0,0.0
0.0,0.059437236852054404,0.9405627631479453
1.0,0.81,0.19
1.0,0.894009822942838,0.10599017705716235
1.0,0.21700862697150877,0.7829913730284909
1.0,1.0,0.0
1.0,1.0,0.0
1.0,0.11461881062971895,0.8853811893702805
1.0,0.894009822942838,0.10599017705716235
0.0,0.04863123232976174,0.9513687676702383
0.0,0.20386002858212582,0.7961399714178742
0.0,0.1338740796280639,0.866125920371935
1.0,0.670036377682432,0.329963622317568
0.0,0.11534865951042417,0.8846513404895758
1.0,0.5804761904761905,0.4195238095238096
1.0,0.243864282933193,0.7561357170668065
1.0,1.0,0.0
0.0,0.26856722523998267,0.7314327747600171
1.0,0.2341602486297327,0.7658397513702673
1.0,1.0,0.0
0.0,0.31984346332774344,0.6801565366722564
0.0,0.34025121888644727,0.6597487811135524
1.0,0.7327838557883989,0.26721614421160117
1.0,0.9216666666666667,0.07833333333333332
1.0,0.57,0.43
1.0,0.25701190476190466,0.7429880952380954
1.0,1.0,0.0
0.0,0.13136817829874914,0.8686318217012513
0.0,0.21700862697150877,0.7829913730284909
0.0,0.22337814962814956,0.7766218503718502
1.0,0.95,0.05
0.0,0.7226677734176874,0.2773322265823123
0.0,0.26856722523998267,0.7314327747600171
0.0,0.5641666666666666,0.4358333333333334
0.0,0.08409422687102946,0.9159057731289704
0.0,0.8303824747818729,0.16961752521812684
0.0,0.8392418013273273,0.16075819867267233
1.0,0.7,0.3
0.0,0.13136817829874914,0.8686318217012513
0.0,0.9081912108246409,0.09180878917535916
1.0,0.4394116713609747,0.5605883286390254
0.0,0.10738387500063601,0.8926161249993645
0.0,0.10738387500063601,0.8926161249993645
0.0,0.34025121888644727,0.6597487811135524
1.0,0.836006070125265,0.1639939298747348
0.0,0.855101086306194,0.14489891369380525
0.0,0.7335028594717895,0.26649714052821055
0.0,0.09289986854166454,0.9071001314583352
0.0,0.13136817829874914,0.8686318217012513
1.0,0.5827384837384837,0.4172615162615164
1.0,0.5441738973878157,0.4558261026121842
1.0,0.94,0.06
1.0,0.7047314057201827,0.2952685942798172
1.0,0.31984346332774344,0.6801565366722564
1.0,0.4917012987012987,0.5082987012987012
1.0,0.5609999999999999,0.43900000000000006
1.0,0.7860009394201412,0.21399906057985899
0.0,0.7302499693289167,0.2697500306710833
0.0,0.9270391715267873,0.07296082847321235
0.0,0.07576017161628668,0.9242398283837128
1.0,0.99,0.01
1.0,0.5672163570869567,0.4327836429130433
1.0,0.8806696268847432,0.11933037311525686
0.0,0.28407894469798106,0.7159210553020189
1.0,0.1022857142857143,0.8977142857142857
0.0,0.30470304515231605,0.6952969548476838
0.0,0.7407103442287302,0.25928965577126983
0.0,0.0,1.0
0.0,0.243864282933193,0.7561357170668065
1.0,0.6424466328557382,0.35755336714426195
0.0,0.6699153624153624,0.3300846375846376
0.0,0.09289986854166454,0.9071001314583352
0.0,0.10738387500063601,0.8926161249993645
1.0,0.7498765043381845,0.25012349566181574
1.0,0.9752795176058454,0.02472048239415447
1.0,0.8733474862439162,0.1266525137560839
0.0,0.1370191098699155,0.8629808901300846
0.0,0.4917012987012987,0.5082987012987012
1.0,0.98675,0.01325
1.0,0.7860009394201412,0.21399906057985899
1.0,0.894009822942838,0.10599017705716235
0.0,0.11461881062971895,0.8853811893702805
1.0,0.6440387954838418,0.35596120451615804
1.0,0.670036377682432,0.329963622317568
1.0,0.8622158542503405,0.1377841457496595
1.0,0.935,0.065
1.0,0.894009822942838,0.10599017705716235
1.0,0.7090113684962022,0.2909886315037981
0.0,0.10491761016761014,0.8950823898323894
0.0,0.36001803751803757,0.6399819624819625
1.0,1.0,0.0
1.0,0.8727619047619046,0.12723809523809526
1.0,1.0,0.0
1.0,0.7819202741702739,0.21807972582972582
0.0,0.0075,0.9925
0.0,0.98,0.02
1.0,0.8622158542503405,0.1377841457496595
0.0,0.5392980113281971,0.46070198867180295
0.0,0.2880557911711835,0.7119442088288163
1.0,0.25102394142702383,0.7489760585729758
0.0,0.505849253538929,0.49415074646107093
1.0,0.762861111111111,0.23713888888888884
0.0,0.29759738056654006,0.7024026194334598
1.0,1.0,0.0
1.0,0.670036377682432,0.329963622317568
1.0,0.06713086517397472,0.9328691348260252
1.0,1.0,0.0
0.0,0.059437236852054404,0.9405627631479453
0.0,0.10738387500063601,0.8926161249993645
0.0,0.670036377682432,0.329963622317568
0.0,0.14298881673881675,0.8570111832611831
1.0,0.9346804485844095,0.06531955141559058
1.0,0.9207627364465597,0.07923726355344005
1.0,0.6033470588235295,0.3966529411764705
0.0,0.640815720227485,0.35918427977251505
1.0,0.8440662948162947,0.15593370518370517
0.0,0.13136817829874914,0.8686318217012513
1.0,0.24447500087631652,0.7555249991236831
0.0,0.8440662948162947,0.15593370518370517
0.0,0.13136817829874914,0.8686318217012513
0.0,0.028664069253158352,0.9713359307468417
1.0,0.9388888888888889,0.06111111111111111
1.0,0.7478959165529949,0.2521040834470052
0.0,0.16619047619047617,0.8338095238095237
0.0,0.5535855998977717,0.44641440010222844
1.0,0.956,0.044000000000000004
1.0,0.9853531746031746,0.014646825396825396
0.0,0.21700862697150877,0.7829913730284909
1.0,0.7587788877788876,0.2412211122211122
1.0,0.7486101415844371,0.2513898584155631
0.0,0.10738387500063601,0.8926161249993645
0.0,0.028664069253158352,0.9713359307468417
0.0,0.1486866743320841,0.8513133256679155
0.0,0.028664069253158352,0.9713359307468417
1.0,0.5392980113281971,0.46070198867180295
1.0,0.4153214857038387,0.5846785142961614
0.0,0.670036377682432,0.329963622317568
1.0,0.972539726965501,0.02746027303449904
1.0,0.7860009394201412,0.21399906057985899
0.0,0.6113960137954555,0.38860398620454456
0.0,0.13136817829874914,0.8686318217012513
0.0,0.28407894469798106,0.7159210553020189
0.0,0.2341602486297327,0.7658397513702673
0.0,0.6939005994005991,0.3060994005994005
0.0,0.1893547286047285,0.8106452713952714
1.0,1.0,0.0
0.0,0.3581901888960713,0.6418098111039288
1.0,1.0,0.0
0.0,0.8399773391391031,0.16002266086089673
1.0,0.670036377682432,0.329963622317568
1.0,0.7860009394201412,0.21399906057985899
0.0,0.0,1.0
1.0,0.7478959165529949,0.2521040834470052
1.0,0.8733474862439162,0.1266525137560839
1.0,0.9388888888888889,0.06111111111111111
0.0,0.43520157877897825,0.5647984212210219
1.0,0.49647619047619046,0.5035238095238095
1.0,0.7486101415844371,0.2513898584155631
1.0,0.34025121888644727,0.6597487811135524
0.0,0.13951532245422554,0.8604846775457742
0.0,0.10738387500063601,0.8926161249993645
1.0,0.5965228171456131,0.40347718285438705
0.0,0.11461881062971895,0.8853811893702805
0.0,0.08273580586080585,0.9172641941391941
1.0,0.4143783757944042,0.5856216242055958
0.0,0.5122063492063491,0.48779365079365083
1.0,0.5367976190476191,0.4632023809523808
0.0,0.010389610389610388,0.9896103896103895
1.0,0.894009822942838,0.10599017705716235
0.0,0.670036377682432,0.329963622317568
1.0,0.7357261904761903,0.26427380952380947
1.0,0.7478959165529949,0.2521040834470052
1.0,0.995,0.005
0.0,0.13136817829874914,0.8686318217012513
1.0,0.894009822942838,0.10599017705716235
1.0,0.9975,0.0025
1.0,0.4616773096184861,0.538322690381514
1.0,0.8190610810757866,0.18093891892421296
1.0,0.6132205731431738,0.38677942685682604
1.0,0.16716666666666666,0.8328333333333333
1.0,0.7860009394201412,0.21399906057985899
0.0,0.8001972307067213,0.1998027692932785
0.0,0.95,0.05
1.0,0.8045198412698413,0.1954801587301587
0.0,0.8202931796752826,0.17970682032471685
1.0,0.8733474862439162,0.1266525137560839
1.0,0.7090113684962022,0.2909886315037981
0.0,0.9128022966123516,0.08719770338764848
0.0,0.243864282933193,0.7561357170668065
0.0,0.48781180725878864,0.5121881927412114
0.0,0.6940543803274586,0.30594561967254125
1.0,0.7175867465867463,0.28241325341325324
0.0,0.001322882536551036,0.998677117463449
1.0,0.29712049062049056,0.7028795093795093
0.0,0.31984346332774344,0.6801565366722564
1.0,0.9003206654456651,0.09967933455433452
1.0,0.7090113684962022,0.2909886315037981
1.0,0.7486101415844371,0.2513898584155631
0.0,0.10738387500063601,0.8926161249993645
0.0,0.07,0.93
0.0,0.29759738056654006,0.7024026194334598
0.0,0.7855805418239798,0.21441945817602018
1.0,0.5866666666666667,0.41333333333333333
1.0,0.8360370537500569,0.1639629462499431
0.0,0.46057142857142863,0.5394285714285713
1.0,0.805725272209552,0.19427472779044788
0.0,0.11461881062971895,0.8853811893702805
0.0,0.10738387500063601,0.8926161249993645
0.0,0.8001972307067213,0.1998027692932785
1.0,0.34025121888644727,0.6597487811135524
0.0,0.9264761904761903,0.07352380952380953
0.0,0.0,1.0
1.0,0.8202931796752826,0.17970682032471685
0.0,0.13136817829874914,0.8686318217012513
1.0,0.10738387500063601,0.8926161249993645
0.0,0.5672163570869567,0.4327836429130433
1.0,0.9762121212121212,0.02378787878787879
1.0,0.3768987824677395,0.6231012175322607
1.0,0.7899598810305041,0.21004011896949554
0.0,0.1370191098699155,0.8629808901300846
1.0,0.9207627364465597,0.07923726355344005
0.0,0.41189918414918414,0.5881008158508158
1.0,0.7860009394201412,0.21399906057985899
0.0,0.5955771279374221,0.4044228720625778
0.0,0.10738387500063601,0.8926161249993645
1.0,0.6033470588235295,0.3966529411764705
0.0,0.34025121888644727,0.6597487811135524
0.0,0.20569352869352858,0.7943064713064709
0.0,0.670036377682432,0.329963622317568
0.0,0.7860009394201412,0.21399906057985899
1.0,1.0,0.0
1.0,0.5672163570869567,0.4327836429130433
1.0,0.9885728739002932,0.011427126099706744
1.0,0.34025121888644727,0.6597487811135524
0.0,0.7293970339850533,0.27060296601494654
0.0,0.24447500087631652,0.7555249991236831
0.0,0.42097907647907645,0.5790209235209235
1.0,0.992,0.008
1.0,0.99,0.01
1.0,0.005294117647058823,0.9947058823529411
1.0,1.0,0.0
0.0,0.49102380952380964,0.5089761904761904
0.0,0.8212121212121213,0.1787878787878788
1.0,0.9037171717171718,0.09628282828282829
0.0,0.08799096405902881,0.9120090359409709
0.0,0.31984346332774344,0.6801565366722564
1.0,0.10738387500063601,0.8926161249993645
0.0,0.554059511626414,0.44594048837358613
1.0,0.894009822942838,0.10599017705716235
0.0,0.0,1.0
1.0,0.9616666666666667,0.03833333333333333
0.0,0.34423474618308364,0.655765253816916
0.0,0.7394601232101229,0.2605398767898767
1.0,0.0,1.0
1.0,0.8601272338772337,0.1398727661227661
0.0,0.6760548092422666,0.3239451907577331
1.0,0.44106585081585087,0.5589341491841491
0.0,0.4623055555555555,0.5376944444444445
1.0,0.3907857142857143,0.6092142857142856
1.0,0.601,0.39899999999999997
1.0,0.43520157877897825,0.5647984212210219
1.0,0.6760548092422666,0.3239451907577331
0.0,0.2341602486297327,0.7658397513702673
1.0,0.3030595238095238,0.696940476190476
1.0,0.6765149265822933,0.32348507341770627
1.0,0.6578333333333333,0.3421666666666667
1.0,0.7335028594717895,0.26649714052821055
1.0,0.23326556776556778,0.7667344322344323
1.0,0.9785623541941348,0.02143764580586527
1.0,0.6288423274269097,0.3711576725730903
0.0,0.4623055555555555,0.5376944444444445
0.0,0.5311008403361344,0.4688991596638656
1.0,0.5340937499999999,0.46590625
0.0,0.6225912698412699,0.3774087301587302
0.0,0.05394444444444445,0.9460555555555555
1.0,0.7335028594717895,0.26649714052821055
1.0,0.8622158542503405,0.1377841457496595
0.0,0.6940752025752022,0.3059247974247972
1.0,0.670036377682432,0.329963622317568
0.0,0.7328151457639257,0.26718485423607446
0.0,0.21020704832138634,0.7897929516786136
0.0,0.13136817829874914,0.8686318217012513
1.0,0.8498333333333332,0.15016666666666667
0.0,0.5672163570869567,0.4327836429130433
1.0,0.7899598810305041,0.21004011896949554
1.0,0.2095379374450974,0.7904620625549025
0.0,0.8255057399835383,0.17449426001646148
1.0,0.9897826086956522,0.010217391304347827
0.0,0.6699725326550977,0.33002746734490224
1.0,0.935,0.065
1.0,0.8917746795687971,0.10822532043120278
0.0,0.24447500087631652,0.7555249991236831
0.0,0.2880557911711835,0.7119442088288163
0.0,0.9380465367965368,0.061953463203463205
0.0,0.10738387500063601,0.8926161249993645
1.0,0.13136817829874914,0.8686318217012513
1.0,0.43520157877897825,0.5647984212210219
1.0,0.6765149265822933,0.32348507341770627
1.0,0.8733474862439162,0.1266525137560839
1.0,0.95,0.05
0.0,0.2880557911711835,0.7119442088288163
0.0,0.7478959165529949,0.2521040834470052
1.0,0.48556988990541633,0.5144301100945838
1.0,0.554059511626414,0.44594048837358613
0.0,0.05203077670281877,0.947969223297181
0.0,0.7407103442287302,0.25928965577126983
1.0,1.0,0.0
1.0,0.996327991291654,0.0036720087083459176
0.0,0.5672163570869567,0.4327836429130433
0.0,0.11461881062971895,0.8853811893702805
1.0,0.9580705241480385,0.041929475851961516
0.0,0.2880557911711835,0.7119442088288163
0.0,0.9896092657342659,0.010390734265734265
0.0,1.0,0.0
1.0,0.9207627364465597,0.07923726355344005
1.0,0.8157734487734487,0.18422655122655127
1.0,0.894009822942838,0.10599017705716235
0.0,0.29759738056654006,0.7024026194334598
0.0,0.34332700155881246,0.6566729984411875
0.0,0.10738387500063601,0.8926161249993645
1.0,0.8522786380286378,0.14772136197136196
1.0,0.3073924642179286,0.6926075357820711
1.0,1.0,0.0
